Priority,Section,Category,Item,Description,Status
P0,Security,Encryption,Data at Rest Encryption,All stored data must be encrypted using AES-256 or equivalent,Not Started
P0,Security,Encryption,Data in Transit Encryption,TLS 1.3 for all communications,Not Started
P0,Security,Encryption,Key Management,Secure key rotation and storage (HSM/KMS),Not Started
P0,Security,Vulnerability,Penetration Testing,Third-party security audit and pen testing,Not Started
P0,Security,Vulnerability,Dependency Scanning,Automated CVE scanning for all dependencies,Not Started
P0,Security,Vulnerability,SAST/DAST,Static and dynamic application security testing,Not Started
P0,Security,Compliance,SOC 2 Type II,Service Organization Control compliance,Not Started
P0,Security,Compliance,GDPR Compliance,EU data protection regulation compliance,Not Started
P0,Security,Compliance,HIPAA Compliance,Healthcare data compliance (if applicable),Not Started
P0,Security,Compliance,PCI DSS,Payment card industry compliance (if processing payments),Not Started
P0,Security,Access Control,Secrets Management,Vault/secrets manager for credentials,Not Started
P0,Security,Access Control,Principle of Least Privilege,Role-based access with minimal permissions,Not Started
P0,Core Auth,Authentication,Multi-Factor Authentication (MFA),TOTP/SMS/Hardware key support,Not Started
P0,Core Auth,Authentication,SSO Integration,SAML 2.0 and OIDC support,Not Started
P0,Core Auth,Authentication,OAuth 2.0 Provider,Standard OAuth flows for third-party apps,Not Started
P0,Core Auth,Authentication,Password Policy,Complexity requirements and breach detection,Not Started
P0,Core Auth,Authentication,Session Management,Secure tokens with proper expiration and rotation,Not Started
P0,Core Auth,Authentication,Brute Force Protection,Rate limiting and account lockout,Not Started
P0,Core Auth,Authorization,Role-Based Access Control (RBAC),Granular permission system,Not Started
P0,Core Auth,Authorization,Attribute-Based Access Control (ABAC),Context-aware authorization policies,Not Started
P0,Core Auth,Authorization,API Key Management,Scoped API keys with rotation capability,Not Started
P0,Core Auth,Authorization,Service Account Management,Machine-to-machine authentication,Not Started
P0,Core Auth,Enterprise,SCIM Provisioning,Automated user provisioning/deprovisioning,Not Started
P0,Core Auth,Enterprise,Directory Sync,LDAP/Active Directory integration,Not Started
P0,Core Auth,Enterprise,Domain Verification,Email domain ownership verification,Not Started
P0,Core Auth,Audit,Authentication Logging,Log all auth events with IP/device info,Not Started
P0,Core Auth,Audit,Access Audit Trail,Complete audit log of resource access,Not Started
P0,Infrastructure,Availability,High Availability Architecture,Multi-AZ/region deployment,Not Started
P0,Infrastructure,Availability,Load Balancing,Distribute traffic across instances,Not Started
P0,Infrastructure,Availability,Auto-Scaling,Dynamic scaling based on demand,Not Started
P0,Infrastructure,Availability,Health Checks,Automated service health monitoring,Not Started
P0,Infrastructure,Availability,Circuit Breakers,Fault tolerance patterns,Not Started
P0,Infrastructure,Availability,SLA Definition,99.9%+ uptime guarantee documented,Not Started
P0,Infrastructure,Networking,DDoS Protection,WAF and DDoS mitigation,Not Started
P0,Infrastructure,Networking,CDN Configuration,Global content delivery network,Not Started
P0,Infrastructure,Networking,VPC/Network Isolation,Private network segmentation,Not Started
P0,Infrastructure,Networking,IP Whitelisting,Enterprise IP restriction support,Not Started
P0,Database,Reliability,Automated Backups,Regular automated database backups,Not Started
P0,Database,Reliability,Point-in-Time Recovery,Restore to any point within retention window,Not Started
P0,Database,Reliability,Read Replicas,Database replication for read scaling,Not Started
P0,Database,Reliability,Failover Automation,Automatic failover to standby,Not Started
P0,Database,Performance,Query Optimization,Index optimization and query analysis,Not Started
P0,Database,Performance,Connection Pooling,Efficient database connection management,Not Started
P0,Database,Management,Migration Strategy,Zero-downtime database migrations,Not Started
P0,Database,Management,Schema Versioning,Tracked and reversible schema changes,Not Started
P0,Disaster Recovery,Backup,Backup Strategy,3-2-1 backup rule implementation,Not Started
P0,Disaster Recovery,Backup,Backup Testing,Regular backup restoration tests,Not Started
P0,Disaster Recovery,Planning,RTO/RPO Definition,Recovery time and point objectives defined,Not Started
P0,Disaster Recovery,Planning,Disaster Recovery Plan,Documented DR procedures,Not Started
P0,Disaster Recovery,Planning,Failover Testing,Regular DR drills and testing,Not Started
P0,Disaster Recovery,Planning,Business Continuity Plan,Comprehensive continuity documentation,Not Started
P1,Billing,Payments,Payment Gateway Integration,Stripe/Braintree/Adyen integration,Not Started
P1,Billing,Payments,Multiple Payment Methods,Credit cards/ACH/Wire/PayPal support,Not Started
P1,Billing,Payments,Payment Retry Logic,Failed payment retry with backoff,Not Started
P1,Billing,Payments,3D Secure Support,Strong customer authentication (SCA),Not Started
P1,Billing,Subscriptions,Subscription Management,Plan upgrades/downgrades/pausing,Not Started
P1,Billing,Subscriptions,Proration Handling,Accurate mid-cycle billing changes,Not Started
P1,Billing,Subscriptions,Usage-Based Billing,Metered billing support,Not Started
P1,Billing,Subscriptions,Seat-Based Licensing,Per-user pricing model support,Not Started
P1,Billing,Invoicing,Invoice Generation,Professional PDF invoices,Not Started
P1,Billing,Invoicing,Tax Calculation,Automated tax calculation (VAT/Sales tax),Not Started
P1,Billing,Invoicing,Tax Compliance,Tax reporting and compliance (Avalara/TaxJar),Not Started
P1,Billing,Invoicing,Credit/Refund Management,Handle credits and refunds,Not Started
P1,Billing,Enterprise,Custom Contracts,Support for enterprise agreements,Not Started
P1,Billing,Enterprise,Purchase Orders,PO-based billing support,Not Started
P1,Billing,Enterprise,Net Terms,Net-30/60/90 payment terms,Not Started
P1,Billing,Reporting,Revenue Recognition,ASC 606 compliant revenue reporting,Not Started
P1,Billing,Reporting,Billing Analytics,MRR/ARR/Churn metrics,Not Started
P1,Storage,Files,File Upload Service,Secure multipart file uploads,Not Started
P1,Storage,Files,File Type Validation,Whitelist allowed file types,Not Started
P1,Storage,Files,Malware Scanning,Scan uploads for malicious content,Not Started
P1,Storage,Files,File Size Limits,Configurable per-tenant limits,Not Started
P1,Storage,Management,Storage Quotas,Per-user/org storage limits,Not Started
P1,Storage,Management,Retention Policies,Automated data lifecycle management,Not Started
P1,Storage,Management,Soft Delete,Recoverable deletions,Not Started
P1,Storage,Management,Versioning,File version history,Not Started
P1,Storage,Security,Pre-signed URLs,Time-limited secure access URLs,Not Started
P1,Storage,Security,Access Control,Fine-grained file permissions,Not Started
P1,Storage,Performance,Image Optimization,On-the-fly image resizing/compression,Not Started
P1,Storage,Performance,Video Transcoding,Multi-format video processing,Not Started
P1,Monitoring,Logging,Centralized Logging,Aggregate logs from all services,Not Started
P1,Monitoring,Logging,Structured Logging,JSON-formatted queryable logs,Not Started
P1,Monitoring,Logging,Log Retention,Configurable retention policies,Not Started
P1,Monitoring,Logging,PII Redaction,Automatic sensitive data masking,Not Started
P1,Monitoring,Metrics,Application Metrics,Custom business/technical metrics,Not Started
P1,Monitoring,Metrics,Infrastructure Metrics,CPU/Memory/Disk/Network monitoring,Not Started
P1,Monitoring,Metrics,Real-Time Dashboards,Grafana/DataDog dashboards,Not Started
P1,Monitoring,Alerting,Alert Rules,Threshold-based alerting,Not Started
P1,Monitoring,Alerting,On-Call Rotation,PagerDuty/Opsgenie integration,Not Started
P1,Monitoring,Alerting,Escalation Policies,Alert escalation procedures,Not Started
P1,Monitoring,Tracing,Distributed Tracing,Request tracing across services,Not Started
P1,Monitoring,Tracing,Error Tracking,Sentry/Bugsnag integration,Not Started
P1,Monitoring,Health,Status Page,Public status page (Statuspage.io),Not Started
P1,Monitoring,Health,Uptime Monitoring,External uptime checks,Not Started
P1,API,Design,API Versioning,Semantic versioning for API changes,Not Started
P1,API,Design,RESTful Standards,Consistent REST API design,Not Started
P1,API,Design,GraphQL Support,GraphQL API (if applicable),Not Started
P1,API,Documentation,API Documentation,OpenAPI/Swagger documentation,Not Started
P1,API,Documentation,SDK Libraries,Official client libraries,Not Started
P1,API,Documentation,Code Examples,Language-specific examples,Not Started
P1,API,Security,Rate Limiting,Per-user/API key rate limits,Not Started
P1,API,Security,Request Validation,Input validation and sanitization,Not Started
P1,API,Security,CORS Configuration,Proper CORS policy setup,Not Started
P1,API,Integration,Webhooks,Event-driven webhooks,Not Started
P1,API,Integration,Webhook Signing,HMAC signature verification,Not Started
P1,API,Integration,Webhook Retry,Exponential backoff retries,Not Started
P1,API,Integration,Idempotency,Idempotency key support,Not Started
P1,DevOps,CI/CD,Automated Testing,CI pipeline with test suite,Not Started
P1,DevOps,CI/CD,Automated Deployments,CD pipeline to all environments,Not Started
P1,DevOps,CI/CD,Blue-Green Deployments,Zero-downtime deployment strategy,Not Started
P1,DevOps,CI/CD,Rollback Capability,Quick rollback procedures,Not Started
P1,DevOps,Environments,Environment Parity,Dev/Staging/Prod consistency,Not Started
P1,DevOps,Environments,Feature Flags,Runtime feature toggles,Not Started
P1,DevOps,Environments,Configuration Management,Environment-specific configs,Not Started
P1,DevOps,IaC,Infrastructure as Code,Terraform/Pulumi for infrastructure,Not Started
P1,DevOps,IaC,GitOps,Git-based deployment workflow,Not Started
P1,CRM,Contacts,Contact Management,Customer/lead database,Not Started
P1,CRM,Contacts,Contact Segmentation,Dynamic lists and segments,Not Started
P1,CRM,Contacts,Contact Import/Export,Bulk data import/export,Not Started
P1,CRM,Contacts,Duplicate Detection,Merge duplicate records,Not Started
P1,CRM,Pipeline,Deal/Opportunity Tracking,Sales pipeline management,Not Started
P1,CRM,Pipeline,Pipeline Customization,Custom stages and fields,Not Started
P1,CRM,Pipeline,Activity Tracking,Log calls/emails/meetings,Not Started
P1,CRM,Integration,Email Integration,Gmail/Outlook sync,Not Started
P1,CRM,Integration,Calendar Integration,Two-way calendar sync,Not Started
P1,CRM,Integration,CRM Integrations,Salesforce/HubSpot sync,Not Started
P1,CRM,Reporting,Sales Reports,Pipeline/revenue analytics,Not Started
P1,CRM,Reporting,Forecasting,Revenue forecasting tools,Not Started
P2,Media,Images,Image Processing,Resize/crop/transform images,Not Started
P2,Media,Images,Image CDN,Global image delivery,Not Started
P2,Media,Images,Format Conversion,WebP/AVIF auto-conversion,Not Started
P2,Media,Images,Lazy Loading,Progressive image loading,Not Started
P2,Media,Video,Video Hosting,Secure video storage,Not Started
P2,Media,Video,Adaptive Streaming,HLS/DASH streaming support,Not Started
P2,Media,Video,Video Thumbnails,Automatic thumbnail generation,Not Started
P2,Media,Video,Video Analytics,View tracking and engagement,Not Started
P2,Media,Audio,Audio Processing,Audio format conversion,Not Started
P2,Media,Audio,Audio Transcription,Speech-to-text capability,Not Started
P2,Media,Management,Media Library,Centralized asset management,Not Started
P2,Media,Management,Metadata Management,EXIF/custom metadata handling,Not Started
P2,Documents,Generation,Document Templates,Dynamic document generation,Not Started
P2,Documents,Generation,PDF Generation,Server-side PDF creation,Not Started
P2,Documents,Generation,Document Merge,Mail merge functionality,Not Started
P2,Documents,Signing,E-Signatures,Electronic signature support,Not Started
P2,Documents,Signing,Signature Audit Trail,Complete signing history,Not Started
P2,Documents,Signing,DocuSign/HelloSign Integration,Third-party e-sign integration,Not Started
P2,Documents,Collaboration,Real-Time Editing,Collaborative document editing,Not Started
P2,Documents,Collaboration,Comments/Annotations,Document commenting system,Not Started
P2,Documents,Collaboration,Version Control,Document version history,Not Started
P2,Documents,Management,Document OCR,Optical character recognition,Not Started
P2,Documents,Management,Full-Text Search,Search within documents,Not Started
P2,Templates,Email,Email Templates,Branded email templates,Not Started
P2,Templates,Email,Email Builder,Drag-and-drop email editor,Not Started
P2,Templates,Email,Template Variables,Dynamic content insertion,Not Started
P2,Templates,Email,Template Versioning,Track template changes,Not Started
P2,Templates,Notifications,Push Notification Templates,Mobile push templates,Not Started
P2,Templates,Notifications,SMS Templates,Text message templates,Not Started
P2,Templates,Notifications,In-App Message Templates,In-app notification templates,Not Started
P2,Templates,Documents,Document Templates,Contract/proposal templates,Not Started
P2,Templates,Documents,Report Templates,Automated report templates,Not Started
P2,Templates,Management,Template Library,Centralized template storage,Not Started
P2,Templates,Management,Template Analytics,Template usage tracking,Not Started
P2,GPS,Location,Geocoding,Address to coordinates conversion,Not Started
P2,GPS,Location,Reverse Geocoding,Coordinates to address lookup,Not Started
P2,GPS,Location,Address Validation,Postal address verification,Not Started
P2,GPS,Maps,Map Integration,Google Maps/Mapbox integration,Not Started
P2,GPS,Maps,Custom Map Styles,Branded map styling,Not Started
P2,GPS,Maps,Marker Clustering,Handle large marker datasets,Not Started
P2,GPS,Tracking,Real-Time Location,Live location tracking,Not Started
P2,GPS,Tracking,Location History,Historical location data,Not Started
P2,GPS,Tracking,Geofencing,Location-based triggers,Not Started
P2,GPS,Routing,Route Optimization,Multi-stop route planning,Not Started
P2,GPS,Routing,ETA Calculation,Estimated arrival times,Not Started
P2,GPS,Routing,Distance Matrix,Distance/time calculations,Not Started
P2,AI,Models,Model Hosting,ML model deployment infrastructure,Not Started
P2,AI,Models,Model Versioning,Track and rollback model versions,Not Started
P2,AI,Models,Model Monitoring,Performance and drift detection,Not Started
P2,AI,Models,A/B Testing,Model experimentation framework,Not Started
P2,AI,LLM,LLM Integration,OpenAI/Anthropic/Cohere integration,Not Started
P2,AI,LLM,Prompt Management,Template and version prompts,Not Started
P2,AI,LLM,Token Management,Usage tracking and limits,Not Started
P2,AI,LLM,Response Caching,Cache repeated queries,Not Started
P2,AI,Features,Text Generation,Content generation capabilities,Not Started
P2,AI,Features,Embeddings,Vector embeddings for search,Not Started
P2,AI,Features,Classification,Content classification/tagging,Not Started
P2,AI,Features,Summarization,Automatic content summarization,Not Started
P2,AI,Safety,Content Moderation,AI content filtering,Not Started
P2,AI,Safety,Hallucination Prevention,Grounding and fact-checking,Not Started
P2,AI,Safety,Bias Monitoring,AI fairness monitoring,Not Started
P2,AI,Compliance,AI Audit Logs,Log all AI interactions,Not Started
P2,AI,Compliance,Data Privacy for AI,Training data compliance,Not Started
P2,Notifications,Email,Transactional Email,SendGrid/Postmark integration,Not Started
P2,Notifications,Email,Email Deliverability,SPF/DKIM/DMARC setup,Not Started
P2,Notifications,Email,Email Analytics,Open/click tracking,Not Started
P2,Notifications,Email,Bounce Handling,Handle bounced emails,Not Started
P2,Notifications,Email,Unsubscribe Management,Preference center,Not Started
P2,Notifications,SMS,SMS Provider,Twilio/MessageBird integration,Not Started
P2,Notifications,SMS,SMS Deliverability,Carrier compliance,Not Started
P2,Notifications,SMS,Two-Way SMS,Inbound SMS handling,Not Started
P2,Notifications,Push,Push Notifications,iOS/Android push support,Not Started
P2,Notifications,Push,Web Push,Browser push notifications,Not Started
P2,Notifications,Push,Push Segmentation,Targeted push campaigns,Not Started
P2,Notifications,In-App,In-App Notifications,Real-time in-app alerts,Not Started
P2,Notifications,In-App,Notification Center,Notification inbox/history,Not Started
P2,Notifications,In-App,Read Receipts,Track notification status,Not Started
P2,Notifications,Management,Notification Preferences,User preference management,Not Started
P2,Notifications,Management,Quiet Hours,Do not disturb support,Not Started
P2,Automation,Workflows,Workflow Builder,Visual workflow designer,Not Started
P2,Automation,Workflows,Conditional Logic,If/then branching,Not Started
P2,Automation,Workflows,Workflow Templates,Pre-built workflow templates,Not Started
P2,Automation,Triggers,Event Triggers,Event-based automation,Not Started
P2,Automation,Triggers,Scheduled Triggers,Time-based automation,Not Started
P2,Automation,Triggers,Webhook Triggers,External trigger support,Not Started
P2,Automation,Actions,Email Actions,Automated email sending,Not Started
P2,Automation,Actions,API Actions,HTTP request actions,Not Started
P2,Automation,Actions,Data Actions,CRUD automation actions,Not Started
P2,Automation,Management,Workflow Monitoring,Execution history and logs,Not Started
P2,Automation,Management,Error Handling,Retry and fallback logic,Not Started
P2,Automation,Management,Workflow Analytics,Performance metrics,Not Started
P3,Blog,Content,Blog CMS,Content management system,Not Started
P3,Blog,Content,Rich Text Editor,WYSIWYG content editor,Not Started
P3,Blog,Content,Media Embedding,Image/video embedding,Not Started
P3,Blog,Content,Draft/Publish Workflow,Content staging workflow,Not Started
P3,Blog,Management,Categories/Tags,Content organization,Not Started
P3,Blog,Management,Author Management,Multi-author support,Not Started
P3,Blog,Management,Scheduling,Scheduled publishing,Not Started
P3,Blog,Engagement,Comments System,Blog commenting,Not Started
P3,Blog,Engagement,Social Sharing,Share buttons/OG tags,Not Started
P3,Blog,Engagement,Newsletter Integration,Email subscription,Not Started
P3,Blog,Performance,Static Generation,SSG for blog pages,Not Started
P3,Blog,Performance,RSS Feed,RSS/Atom feed support,Not Started
P3,SEO,Technical,Meta Tags,Dynamic meta tags,Not Started
P3,SEO,Technical,Sitemap Generation,XML sitemap auto-generation,Not Started
P3,SEO,Technical,Robots.txt,Crawl directives,Not Started
P3,SEO,Technical,Canonical URLs,Duplicate content handling,Not Started
P3,SEO,Structured Data,JSON-LD Schema,Rich snippets support,Not Started
P3,SEO,Structured Data,OpenGraph Tags,Social media previews,Not Started
P3,SEO,Structured Data,Twitter Cards,Twitter preview cards,Not Started
P3,SEO,Performance,Core Web Vitals,LCP/FID/CLS optimization,Not Started
P3,SEO,Performance,Page Speed,Mobile/desktop performance,Not Started
P3,SEO,Performance,Image SEO,Alt tags and optimization,Not Started
P3,SEO,International,Hreflang Tags,Multi-language SEO,Not Started
P3,SEO,International,URL Localization,Localized URL slugs,Not Started
P3,SEO,Analytics,Search Console Integration,Google Search Console,Not Started
P3,SEO,Analytics,Rank Tracking,Keyword position monitoring,Not Started
P3,Analytics,Tracking,Event Tracking,Custom event tracking,Not Started
P3,Analytics,Tracking,User Analytics,User behavior tracking,Not Started
P3,Analytics,Tracking,Funnel Analysis,Conversion funnel tracking,Not Started
P3,Analytics,Tracking,Session Recording,User session replay,Not Started
P3,Analytics,Privacy,Cookie Consent,GDPR cookie banner,Not Started
P3,Analytics,Privacy,Anonymous Tracking,Privacy-respecting analytics,Not Started
P3,Analytics,Privacy,Data Retention,Analytics data lifecycle,Not Started
P3,Analytics,Reporting,Custom Dashboards,Build custom reports,Not Started
P3,Analytics,Reporting,Scheduled Reports,Automated report delivery,Not Started
P3,Analytics,Reporting,Export Capabilities,Data export options,Not Started
P3,Analytics,Integration,Analytics Integrations,GA4/Mixpanel/Amplitude,Not Started
P3,Analytics,Integration,Data Warehouse Sync,BigQuery/Snowflake export,Not Started
P3,User Experience,Accessibility,WCAG 2.1 AA Compliance,Accessibility standards,Not Started
P3,User Experience,Accessibility,Screen Reader Support,Assistive technology support,Not Started
P3,User Experience,Accessibility,Keyboard Navigation,Full keyboard accessibility,Not Started
P3,User Experience,Accessibility,Color Contrast,Sufficient contrast ratios,Not Started
P3,User Experience,Localization,Multi-Language Support,i18n implementation,Not Started
P3,User Experience,Localization,RTL Support,Right-to-left languages,Not Started
P3,User Experience,Localization,Date/Time Formatting,Locale-aware formatting,Not Started
P3,User Experience,Localization,Currency Formatting,Local currency display,Not Started
P3,User Experience,Responsive,Mobile Responsive,Mobile-first design,Not Started
P3,User Experience,Responsive,Touch Optimization,Touch-friendly interfaces,Not Started
P3,User Experience,Responsive,Progressive Web App,PWA capabilities,Not Started
P3,User Experience,Performance,Client-Side Caching,Browser cache optimization,Not Started
P3,User Experience,Performance,Code Splitting,Lazy loading components,Not Started
P3,User Experience,Performance,Bundle Optimization,Minimize JS/CSS bundles,Not Started
P3,Support,Documentation,User Documentation,End-user help docs,Not Started
P3,Support,Documentation,API Documentation,Developer documentation,Not Started
P3,Support,Documentation,Knowledge Base,Searchable help center,Not Started
P3,Support,Documentation,Video Tutorials,Onboarding videos,Not Started
P3,Support,Help Desk,Ticketing System,Support ticket management,Not Started
P3,Support,Help Desk,Live Chat,Real-time chat support,Not Started
P3,Support,Help Desk,Chatbot,AI-powered help bot,Not Started
P3,Support,Help Desk,SLA Management,Support SLA tracking,Not Started
P3,Support,Self-Service,FAQ System,Common questions database,Not Started
P3,Support,Self-Service,Community Forum,User community platform,Not Started
P3,Support,Feedback,NPS Surveys,Net promoter score collection,Not Started
P3,Support,Feedback,In-App Feedback,Feedback collection widget,Not Started
P3,Testing,Unit,Unit Test Coverage,80%+ code coverage,Not Started
P3,Testing,Unit,Unit Test Framework,Jest/Pytest/etc. setup,Not Started
P3,Testing,Integration,Integration Tests,API integration testing,Not Started
P3,Testing,Integration,Contract Testing,Service contract verification,Not Started
P3,Testing,E2E,E2E Test Suite,Playwright/Cypress tests,Not Started
P3,Testing,E2E,Visual Regression,Screenshot comparison testing,Not Started
P3,Testing,Performance,Load Testing,k6/Locust load tests,Not Started
P3,Testing,Performance,Stress Testing,Breaking point testing,Not Started
P3,Testing,Performance,Performance Benchmarks,Baseline performance metrics,Not Started
P3,Testing,Security,Security Testing,OWASP ZAP scanning,Not Started
P3,Testing,Quality,Code Quality,Linting and formatting,Not Started
P3,Testing,Quality,Code Review Process,PR review requirements,Not Started
P3,Team Management,Users,Team Invitations,Invite team members,Not Started
P3,Team Management,Users,Role Assignment,Assign user roles,Not Started
P3,Team Management,Users,User Deactivation,Disable user access,Not Started
P3,Team Management,Organizations,Multi-Tenancy,Isolated tenant data,Not Started
P3,Team Management,Organizations,Organization Hierarchy,Parent/child orgs,Not Started
P3,Team Management,Organizations,Cross-Org Collaboration,Shared resources,Not Started
P3,Team Management,Permissions,Custom Roles,Create custom permission sets,Not Started
P3,Team Management,Permissions,Resource-Level Permissions,Granular access control,Not Started
P3,Team Management,Permissions,Permission Inheritance,Hierarchical permissions,Not Started
P3,Legal,Terms,Terms of Service,Legal ToS document,Not Started
P3,Legal,Terms,Privacy Policy,Privacy policy document,Not Started
P3,Legal,Terms,Cookie Policy,Cookie usage policy,Not Started
P3,Legal,Terms,Acceptable Use Policy,Usage guidelines,Not Started
P3,Legal,Agreements,DPA (Data Processing Agreement),GDPR data processing terms,Not Started
P3,Legal,Agreements,BAA (Business Associate Agreement),HIPAA agreement,Not Started
P3,Legal,Agreements,SLA Document,Service level agreement,Not Started
P3,Legal,Agreements,MSA Template,Master service agreement,Not Started
P3,Legal,Compliance,Data Subject Requests,GDPR DSR handling,Not Started
P3,Legal,Compliance,Data Export,User data portability,Not Started
P3,Legal,Compliance,Data Deletion,Right to be forgotten,Not Started
P3,Legal,Compliance,Consent Management,Track user consents,Not Started
